[
  {
    "title": "Westminister Bridge",
    "city": "London",
    "address": "Somewhere in London",
    "distance": 300,
    "price": 99,
    "maxGroupSize": 10,
    "desc": "this is the description",
    "reviews": [],
    "hotel": "Grand Place Hotel",
    "photo": "/tour-images/tour-img01.jpg",
    "featured": true
  },
  {
    "title": "Bali, Indonesia",
    "city": "Bali",
    "address": "Somewhere in Indonesia",
    "distance": 400,
    "price": 99,
    "maxGroupSize": 8,
    "desc": "this is the description",
    "reviews": [],
    "hotel": "Rose View Hotel",

    "photo": "/tour-images/tour-img02.jpg",
    "featured": true
  },
  {
    "title": "Snowy Mountains, Thailand",
    "city": "Bangkok",
    "address": "Somewhere in Thailand",
    "distance": 500,
    "price": 99,
    "maxGroupSize": 8,
    "desc": "this is the description",
    "reviews": [],
    "hotel": "Sky Dine Hotel",

    "photo": "/tour-images/tour-img03.jpg",
    "featured": true
  },
  {
    "title": "Beautiful Sunrise, Thailand",
    "city": "Phuket",
    "address": "Somewhere in Thailand",
    "distance": 500,
    "price": 99,
    "maxGroupSize": 8,
    "desc": "this is the description",
    "reviews": [],
    "hotel": "Hotel Relax",
    "photo": "/tour-images/tour-img04.jpg",
    "featured": true
  }
]
